user_id,symb_in_name,symb_in_email,time_difference,neighbour_above,neighbour_below,text_neighbour_above,text_neighbour_below,is_fake
2,0.16666666666666666,0.2857142857142857,1.0,0.0,0.0026002004615716086,0.0,0.23353010625737894,0
3,0.3333333333333333,0.3076923076923077,0.12718960141493824,0.9973997995384285,3.47493632279043e-05,0.23353010625737894,0.5129716133668702,0
4,0.14285714285714285,0.2,0.9951904005211617,0.9999652506367722,0.0028258400805714337,0.5129716133668702,0.4086776859504132,0
5,0.13333333333333333,0.19230769230769232,0.0024589842835098167,0.9971741599194287,0.07627819478298328,0.4086776859504132,0.6788828726132801,0
11,0.4,0.2631578947368421,0.8231539204035145,0.9237218052170169,0.00456690300367988,0.6788828726132801,0.2606060606060606,0
12,0.3333333333333333,0.2777777777777778,0.044446978632478755,0.9954330969963202,0.0027137612965124065,0.2606060606060606,0.37669421487603305,0
13,0.2222222222222222,0.26666666666666666,0.04270542582709826,0.9972862387034876,0.000408961955375469,0.37669421487603305,0.47428480610298784,0
14,0.2222222222222222,0.20833333333333334,0.6195851868666952,0.9995910380446247,1.2402979010564752e-06,0.47428480610298784,0.519389701207883,0
15,0.2,0.3333333333333333,0.00902484116955431,0.9999987597020991,0.0017619167454448537,0.519389701207883,0.519389701207883,0
17,0.18181818181818182,0.2,0.31448859977366,0.9982380832545552,6.264555500251349e-05,0.519389701207883,0.0284297520661157,1
18,0.18181818181818182,0.19047619047619047,3.5768917114348048e-09,0.9999373544449975,0.023563589453238217,0.0284297520661157,0.519389701207883,1
19,0.2222222222222222,0.18181818181818182,0.034318966828850564,0.9764364105467619,0.000927963560972635,0.519389701207883,0.4150743801652892,0
20,0.3333333333333333,0.17857142857142858,0.07672084689464134,0.9990720364390274,0.0026066437040576053,0.4150743801652892,0.7433195592286501,0
21,0.14285714285714285,0.13793103448275862,0.7018062308766849,0.9973933562959425,0.00027325444520139995,0.7433195592286501,0.6618801652892562,0
22,0.2,0.22727272727272727,0.5158683220826735,0.9997267455547987,0.0034040291224469808,0.6618801652892562,0.44066115702479336,0
23,0.2222222222222222,0.25,0.0002935340414071858,0.9965959708775531,0.000703259420898183,0.44066115702479336,0.5849968213604577,0
24,0.14285714285714285,0.2,3.5768917114348048e-09,0.9992967405791019,6.597754173670759e-05,0.5849968213604577,0.6788828726132801,0
25,0.18181818181818182,0.2727272727272727,0.41870378995713536,0.9999340224582633,0.0009128592551775658,0.6788828726132801,0.5543801652892562,0
26,0.2857142857142857,0.23076923076923078,0.0,0.9990871407448225,0.005284425850440213,0.5543801652892562,0.1137190082644628,0
27,0.2222222222222222,0.23529411764705882,0.0,0.9947155741495599,0.00048090974463590606,0.1137190082644628,0.5104432757325319,0
28,0.15384615384615385,0.26666666666666666,0.0,0.9995190902553642,8.492887322488407e-05,0.5104432757325319,0.5750563486100676,0
29,0.2857142857142857,0.21875,0.0338978128680711,0.9999150711267752,0.013123749756065988,0.5750563486100676,0.4315230224321134,0
31,0.2,0.30434782608695654,3.5768917114348048e-09,0.9868762502439341,0.025596290559081518,0.4315230224321134,0.49506982046167003,0
32,0.2222222222222222,0.18518518518518517,5.0076483960087265e-08,0.9744037094409186,0.0018993585704805695,0.49506982046167003,0.4662479338842975,1
33,0.2857142857142857,0.7619047619047619,0.1990321009720475,0.9981006414295195,0.0003813495605782202,0.4662479338842975,0.4662479338842975,0
34,0.18181818181818182,0.19047619047619047,3.5768917114348048e-09,0.9996186504394219,0.0014421826619513203,0.4662479338842975,0.44066115702479336,1
35,0.25,0.16,0.0,0.9985578173380488,0.002494754117983485,0.44066115702479336,0.4716754320060105,0
36,0.5,0.19230769230769232,3.5768917114348048e-09,0.9975052458820166,0.027090828507856247,0.4716754320060105,0.52910927456382,0
42,0.4,0.18181818181818182,0.9328588917936746,0.9729091714921438,0.0033757545347025577,0.52910927456382,0.3553719008264462,0
44,0.2857142857142857,0.15384615384615385,3.5768917114348048e-09,0.9966242454652976,0.009438624983043133,0.3553719008264462,0.36326905417814503,0
45,0.2857142857142857,0.21428571428571427,0.0,0.990561375016957,0.011780853992194156,0.36326905417814503,0.519389701207883,0
47,0.6,0.3,3.5768917114348048e-09,0.9882191460078059,0.02975086808765425,0.519389701207883,0.568595041322314,1
51,0.16666666666666666,0.17391304347826086,3.5768917114348048e-09,0.9702491319123459,0.0025164803532502964,0.568595041322314,0.5430082644628098,1
54,0.16666666666666666,0.17391304347826086,3.5768917114348048e-09,0.9974835196467499,0.003279032320418476,0.5430082644628098,0.49752066115702476,1
64,0.16666666666666666,0.17391304347826086,3.5768917114348048e-09,0.9967209676795816,0.005104593165786185,0.49752066115702476,0.4662479338842975,1
70,0.25,0.25,0.5157574527471859,0.994895406834214,0.00534948893524987,0.4662479338842975,0.52910927456382,0
78,0.2,0.16,0.021026972539172187,0.9946505110647502,0.0011557999787972124,0.52910927456382,0.6238751147842057,1
80,0.14285714285714285,0.19230769230769232,0.01490171359725052,0.9988442000212029,0.21822233273253164,0.6238751147842057,0.7708836617927527,0
255,0.4,0.11428571428571428,3.5768917114348048e-09,0.7817776672674684,0.0002450429234519459,0.7708836617927527,0.26559373640713346,1
256,0.3333333333333333,0.11428571428571428,0.0,0.9997549570765482,0.0014954208727042955,0.26559373640713346,0.2741440377804014,1
257,0.2857142857142857,0.13333333333333333,0.0,0.9985045791272958,0.0018210936707240735,0.2741440377804014,0.609864036256998,1
258,0.36363636363636365,0.19047619047619047,0.03181224177166823,0.9981789063292761,0.02432876917019677,0.609864036256998,0.5088925619834711,0
268,0.18181818181818182,0.19047619047619047,0.010473611080787018,0.9756712308298033,2.2703758188830395e-06,0.5088925619834711,0.5430082644628098,0
269,0.25,0.23809523809523808,0.0,0.9999977296241812,1.4442112847894891e-05,0.5430082644628098,0.609864036256998,0
270,0.16666666666666666,0.21875,0.4898570725579351,0.9999855578871522,1.7574390598020563e-05,0.609864036256998,0.5381345926800472,0
271,0.25,0.2777777777777778,0.5384970088457677,0.9999824256094021,2.3986100086532853e-05,0.5381345926800472,0.4017247574559827,0
272,0.2222222222222222,0.21428571428571427,0.33226355179108846,0.9999760138999135,1.2161226029850357e-05,0.4017247574559827,0.48863636363636365,0
273,0.5,0.2857142857142857,0.0,0.9999878387739702,1.3485611924198796e-05,0.48863636363636365,0.49590533433508643,0
274,0.3076923076923077,0.23809523809523808,0.6721321977398451,0.999986514388076,0.0017852091195867277,0.49590533433508643,0.6511330311916822,0
288,0.25,0.17857142857142858,0.01706001363282199,0.9982147908804134,1.0,0.6511330311916822,0.609864036256998,0
1264,0.16666666666666666,0.19047619047619047,0.0,0.0,0.0014401225061156672,0.609864036256998,0.5381345926800472,1
1267,0.18181818181818182,0.25,0.0,0.9985598774938844,0.03467802507659523,0.5381345926800472,0.6142857142857142,1
1297,0.16666666666666666,0.18518518518518517,0.0,0.9653219749234049,0.10117511499085638,0.6142857142857142,0.5562937062937063,1
1661,0.16666666666666666,0.16666666666666666,4.614190307750898e-07,0.8988248850091437,0.11156239969222112,0.5562937062937063,0.580017709563164,1
2882,0.3333333333333333,0.2222222222222222,0.11589472526653065,0.888437600307779,0.0002756824860077054,0.580017709563164,0.568595041322314,0
2884,0.16666666666666666,0.17391304347826086,0.0,0.9997243175139924,0.0017954468327700244,0.568595041322314,0.580017709563164,1
2918,0.2,0.2777777777777778,0.002699576750696056,0.9982045531672301,0.00047125013640649167,0.580017709563164,0.6396694214876033,0
2929,0.25,0.23809523809523808,0.31100724326294593,0.9995287498635936,4.153946868623043e-05,0.6396694214876033,0.7849538162372386,0
2930,0.36363636363636365,0.16,0.0,0.9999584605313139,3.945829085225431e-05,0.7849538162372386,0.5508264462809916,1
2931,0.16666666666666666,0.14814814814814814,0.0,0.9999605417091478,1.6481246685225026e-05,0.5508264462809916,0.6511330311916822,1
2932,0.5833333333333334,0.19047619047619047,0.0,0.9999835187533149,7.242078422270436e-06,0.6511330311916822,0.580017709563164,1
2933,0.25,0.24,0.005230481595847692,0.9999927579215778,0.008285168957058933,0.580017709563164,0.52910927456382,0
3067,0.16666666666666666,0.20833333333333334,0.0,0.9917148310429412,0.00018041078960790967,0.52910927456382,0.5430082644628098,1
3071,0.16666666666666666,0.16,0.0,0.9998195892103922,2.4385518054669683e-05,0.5430082644628098,0.5129716133668702,1
3072,0.16666666666666666,0.15384615384615385,0.0,0.9999756144819454,0.00010493130462921011,0.5129716133668702,0.6001836547291093,1
3073,0.16666666666666666,0.14285714285714285,3.5768917114348048e-09,0.9998950686953709,1.0195669186650688e-05,0.6001836547291093,0.5088925619834711,1
3074,0.16666666666666666,0.2,0.0,0.9999898043308134,7.147479429816976e-07,0.5088925619834711,0.6005785123966941,1
3075,0.16666666666666666,0.16666666666666666,0.0,0.9999992852520572,2.557326095991868e-05,0.6005785123966941,0.4772136953955136,1
3076,0.16666666666666666,0.12903225806451613,0.0,0.9999744267390401,9.565009236960952e-07,0.4772136953955136,0.5562937062937063,1
3077,0.5833333333333334,0.17391304347826086,0.0,0.9999990434990764,4.77514691906743e-05,0.5562937062937063,0.5315127560186849,1
3078,0.18181818181818182,0.25,0.0,0.9999522485308094,0.00013770460001475324,0.5315127560186849,0.49590533433508643,1
3080,0.16666666666666666,0.21739130434782608,0.0,0.9998622953999854,7.217903124198997e-05,0.49590533433508643,0.4716754320060105,1
3081,0.16666666666666666,0.14285714285714285,0.0,0.9999278209687581,0.019586910585473797,0.4716754320060105,0.5381345926800472,1
3238,0.3333333333333333,0.2631578947368421,0.2507418151489262,0.9804130894145263,0.0003567433115411591,0.5381345926800472,0.4086776859504132,0
3245,0.25,0.22727272727272727,0.09055805248032688,0.999643256688459,5.881955130772912e-05,0.4086776859504132,0.3849862258953167,0
3245,0.25,0.22727272727272727,0.09055805248032688,0.999643256688459,5.881955130772912e-05,0.4086776859504132,0.3849862258953167,0
3246,0.16666666666666666,0.16,0.0,0.9999411804486924,0.00030776205544858984,0.3849862258953167,0.40275482093663906,1
3257,0.2222222222222222,0.16,0.0,0.9996922379445515,0.0314564984325893,0.40275482093663906,0.49752066115702476,0
3677,0.16666666666666666,0.23076923076923078,0.0,0.9685435015674108,7.911629068857703e-05,0.49752066115702476,0.5617168754998667,1
3678,0.16666666666666666,0.2,0.024163470189311715,0.9999208837093115,0.00026724215368102445,0.5617168754998667,0.6904368358913813,0
3680,0.4166666666666667,0.17391304347826086,0.0,0.9997327578463191,6.871040151869642e-05,0.6904368358913813,0.5129716133668702,1
3681,0.18181818181818182,0.15384615384615385,0.0,0.9999312895984814,0.019890731016236826,0.5129716133668702,0.6396694214876033,1
3864,0.125,0.17857142857142858,0.0,0.9801092689837633,2.1232218306221017e-06,0.6396694214876033,0.6752066115702479,1
3865,0.3333333333333333,0.19230769230769232,0.0,0.9999978767781695,2.2020543243333184e-05,0.6752066115702479,0.76849173553719,1
3866,0.1111111111111111,0.3333333333333333,0.0,0.9999779794567568,1.1887940051651472e-05,0.76849173553719,0.4017247574559827,1
3867,0.125,0.28,0.0,0.9999881120599484,5.085221394331549e-05,0.4017247574559827,0.42097902097902085,1
3868,0.125,0.17391304347826086,0.0,0.9999491477860568,0.0007378826521361494,0.42097902097902085,0.7216783216783217,1
3895,0.15384615384615385,0.2647058823529412,4.828803810436987e-07,0.999262117347864,0.00024034450682675732,0.7216783216783217,0.7945100354191262,1
3900,0.125,0.19047619047619047,3.5768917114348048e-09,0.9997596554931734,1.2728819984571116e-05,0.7945100354191262,0.5562937062937063,1
3901,0.10526315789473684,0.2222222222222222,0.0,0.9999872711800155,0.000880411800766029,0.5562937062937063,0.42270552414093077,1
3919,0.11764705882352941,0.3333333333333333,0.0,0.9991195881992341,6.649258069562086e-05,0.42270552414093077,0.3553719008264462,1
3920,0.14285714285714285,0.3076923076923077,0.0,0.9999335074193045,3.366673031427026e-05,0.3553719008264462,0.4619834710743801,1
3921,0.09090909090909091,0.23529411764705882,0.0,0.9999663332696859,1.6376136693610072e-05,0.4619834710743801,0.580017709563164,1
3922,0.13333333333333333,0.17857142857142858,0.0,0.9999836238633065,1.661788967432447e-05,0.580017709563164,0.2778362133734035,1
3923,0.125,0.2222222222222222,3.5768917114348048e-09,0.9999833821103258,3.6578277082004525e-06,0.2778362133734035,0.37669421487603305,1
3924,0.125,0.24,0.0,0.9999963421722919,6.795360957906875e-05,0.37669421487603305,0.7518336776859503,1
3925,0.2,0.2222222222222222,1.89611029623159e-05,0.999932046390421,0.015926265929498064,0.7518336776859503,0.580017709563164,1
4043,0.18181818181818182,0.24,0.000112224977446267,0.984073734070502,0.0007870531062136255,0.580017709563164,0.5088925619834711,0
4044,0.2222222222222222,0.2222222222222222,4.328038970836114e-07,0.9992129468937865,0.045331616452715634,0.5088925619834711,0.38583234946871303,1
4135,0.3333333333333333,0.2857142857142857,0.0,0.9546683835472844,0.015302259442277557,0.38583234946871303,0.5215605250364608,0
4181,0.5555555555555556,0.35294117647058826,0.0,0.9846977405577225,0.0021469136227321127,0.5215605250364608,0.5169045830202855,0
4191,0.25,0.25,0.043000304779788945,0.997853086377268,0.0016884763943034841,0.5169045830202855,0.4002609830361027,0
4201,0.3,0.36363636363636365,0.056868285941759675,0.9983115236056966,0.0023957299948830354,0.4002609830361027,0.5381345926800472,0
4209,0.16666666666666666,0.18181818181818182,7.261090174212654e-07,0.9976042700051171,1.5745476743920338e-05,0.5381345926800472,0.6396694214876033,1
4210,0.16666666666666666,0.18518518518518517,9.371456283959189e-07,0.9999842545232562,0.00023013832664094515,0.6396694214876033,0.568595041322314,1
4211,0.5454545454545454,0.15384615384615385,1.1088364305447895e-06,0.9997698616733591,8.586435215025717e-05,0.568595041322314,0.568595041322314,1
4212,0.16666666666666666,0.16,9.013767112815708e-07,0.9999141356478498,0.0004084574274157172,0.568595041322314,0.52910927456382,1
4214,0.15384615384615385,0.20833333333333334,0.025190413684123204,0.9995915425725844,0.0012135368971913077,0.52910927456382,0.7350131021971376,0
4217,0.16666666666666666,0.4444444444444444,0.34080681814507374,0.9987864631028088,0.007565039382506549,0.7350131021971376,0.5259504132231404,0
4230,0.2857142857142857,0.2608695652173913,0.12826123459479238,0.9924349606174936,0.00032695513991748073,0.5259504132231404,0.2716056670602125,0
4231,0.25,0.25925925925925924,0.0,0.9996730448600826,0.0037820782292884913,0.2716056670602125,0.4817263544536271,0
4232,0.15384615384615385,0.25,0.0,0.9962179217707117,0.006730739335062001,0.4817263544536271,0.5286157024793388,0
4235,0.15384615384615385,0.19047619047619047,0.05765726956168454,0.9932692606649381,0.0020322701548776806,0.5286157024793388,0.4140082644628098,1
4236,0.18181818181818182,0.19047619047619047,0.0,0.9979677298451224,0.0006464054264336535,0.4140082644628098,0.49506982046167003,1
4237,0.16666666666666666,0.19230769230769232,8.942229278587012e-06,0.9993535945735664,0.00046208454513766757,0.49506982046167003,0.5300964187327823,1
4239,0.18181818181818182,0.45714285714285713,0.3329585955039959,0.9995379154548625,0.009375359279090091,0.5300964187327823,0.7285123966942149,0
4258,0.125,0.20689655172413793,3.5768917114348048e-09,0.99062464072091,0.0029992610557369485,0.7285123966942149,0.7518336776859503,0
4268,0.15384615384615385,0.2222222222222222,0.016762130091093702,0.9970007389442631,0.01737754060572408,0.7518336776859503,0.5286157024793388,1
4405,0.2857142857142857,0.21052631578947367,0.01979043392074575,0.9826224593942761,0.0015682831188917824,0.5286157024793388,0.24165289256198344,0
4410,0.4,0.2222222222222222,0.09562853970992209,0.9984317168811083,7.578430395438294e-05,0.24165289256198344,0.31907860031651125,0
4412,0.25,0.32727272727272727,0.20085183747645655,0.9999242156960457,0.0038583775722017878,0.31907860031651125,0.6396694214876033,0
4423,0.4,0.20833333333333334,0.006147542977283905,0.9961416224277984,0.0007086095194713842,0.6396694214876033,0.5088925619834711,0
4426,0.18181818181818182,0.18181818181818182,5.415414051112295e-06,0.9992913904805287,0.0004969179963588637,0.5088925619834711,0.6274152180108292,1
4427,0.16666666666666666,0.15384615384615385,8.405695521871791e-07,0.9995030820036412,0.011264196339410002,0.6274152180108292,0.5088925619834711,1
4450,0.2857142857142857,0.23809523809523808,0.0,0.9887358036605901,0.016962692490818172,0.5088925619834711,0.6054990464081372,0
4508,0.14285714285714285,0.25,4.2922700537217656e-07,0.983037307509182,0.01148324556193557,0.6054990464081372,0.568595041322314,1
4543,0.14285714285714285,0.20833333333333334,0.011099885473650426,0.9885167544380645,0.002606359907080245,0.568595041322314,0.6855238603039189,0
4554,0.2222222222222222,0.16,0.0,0.9973936400929199,0.0011509859411812475,0.6855238603039189,0.3594723458359821,0
4556,0.25,0.17857142857142858,0.03720951740491184,0.9988490140588189,0.0005312048756236623,0.3594723458359821,0.48863636363636365,0
4562,0.2222222222222222,0.2727272727272727,0.0,0.9994687951243765,0.0004098659013033576,0.48863636363636365,0.5381345926800472,0
4564,0.2727272727272727,0.2608695652173913,0.27829729467089204,0.9995901340986968,0.0052169347248242496,0.5381345926800472,0.5381345926800472,0
4605,0.25,0.14814814814814814,0.0,0.9947830652751759,2.023367338587894e-05,0.5381345926800472,0.36679456906729624,0
4606,0.4,0.2,0.0,0.9999797663266142,0.005341836927860302,0.36679456906729624,0.4150743801652892,0
4687,0.2,0.18181818181818182,0.23228270390006817,0.9946581630721398,0.0003336296243850304,0.4150743801652892,0.580017709563164,0
4689,0.18181818181818182,0.24,3.280009699385716e-06,0.9996663703756151,0.00017195994628206726,0.580017709563164,0.6274152180108292,1
4690,0.16666666666666666,0.23809523809523808,0.0,0.9998280400537181,0.0002914594957491102,0.6274152180108292,0.5508264462809916,1
4693,0.16666666666666666,0.16666666666666666,0.0,0.999708540504251,3.7629376998154078e-06,0.5508264462809916,0.5129716133668702,1
4694,0.16666666666666666,0.20833333333333334,2.736322159247626e-06,0.9999962370623003,7.179012427301463e-06,0.5129716133668702,0.5849968213604577,1
4695,0.16666666666666666,0.16,0.0,0.9999928209875728,1.345407892671431e-05,0.5849968213604577,0.6001836547291093,1
4696,0.3333333333333333,0.15384615384615385,7.475703676898742e-07,0.9999865459210734,0.001687793179357987,0.6001836547291093,0.5286157024793388,1
4712,0.18181818181818182,0.2,0.0,0.9983122068206421,0.00010797949438604381,0.5286157024793388,0.43775356874530424,0
4714,0.2,0.2222222222222222,0.15765160233445694,0.9998920205056141,0.002085718585613886,0.43775356874530424,0.6142857142857142,0
4727,0.16666666666666666,0.16666666666666666,0.0,0.9979142814143862,0.00024153224973200632,0.6142857142857142,0.609864036256998,1
4730,0.14285714285714285,0.2,5.866102406753079e-07,0.9997584677502681,0.0011421567018855914,0.609864036256998,0.7433195592286501,1
4737,0.16666666666666666,0.16666666666666666,0.0,0.9988578432981146,4.75097162099599e-06,0.7433195592286501,0.568595041322314,1
4738,0.25,0.16666666666666666,0.0,0.9999952490283791,7.711920084789287e-05,0.568595041322314,0.42270552414093077,1
4739,0.25,0.19230769230769232,0.0,0.9999228807991523,0.015979409541258587,0.42270552414093077,0.5562937062937063,1
4841,0.15384615384615385,0.22727272727272727,0.08839941621693453,0.9840205904587416,0.019453830825090102,0.5562937062937063,0.5430082644628098,0
4944,0.21428571428571427,0.18181818181818182,0.0661764705882353,0.98054616917491,0.012731563355352266,0.5430082644628098,0.6274152180108292,0
5069,0.2222222222222222,0.2631578947368421,0.0,0.9872684366446478,2.320828614858218e-05,0.6274152180108292,0.4522915101427498,1
5074,0.2222222222222222,0.13333333333333333,0.0,0.9999767917138516,2.0622580354854275e-05,0.4522915101427498,0.3553719008264462,1
5075,0.18181818181818182,0.15384615384615385,0.0,0.9999793774196453,2.3859968096594904e-06,0.3553719008264462,0.6725413223140495,1
5076,0.3333333333333333,0.39473684210526316,0.0,0.9999976140031904,1.5619344753982392e-05,0.6725413223140495,0.5377337973031753,1
5077,0.2222222222222222,0.35714285714285715,0.0,0.9999843806552461,7.887453770786263e-05,0.5377337973031753,0.34083395942900074,1
5085,0.3333333333333333,0.18181818181818182,0.03870471179366726,0.9999211254622923,0.025400670353686927,0.34083395942900074,0.39413974455296763,0
5419,0.25,0.14285714285714285,0.0,0.9745993296463131,9.985449203420776e-07,0.39413974455296763,0.4086776859504132,0
5420,0.2857142857142857,0.16666666666666666,0.0,0.9999990014550798,0.03064203264056249,0.4086776859504132,0.8225814292659213,0
5604,0.1111111111111111,0.14285714285714285,0.0027947506853539133,0.9693579673594376,0.0087074798813695,0.8225814292659213,0.647566574839302,0
5625,0.15384615384615385,0.2,0.0,0.9912925201186306,0.0010370572212697973,0.647566574839302,0.6054990464081372,0
5632,0.16666666666666666,0.2857142857142857,0.015554360412702337,0.9989629427787303,0.009179045347750837,0.6054990464081372,0.5508264462809916,0
5663,0.15384615384615385,0.17391304347826086,0.001366122251348295,0.9908209546522493,0.00029361425057721684,0.5508264462809916,0.5562937062937063,0
5665,0.18181818181818182,0.3225806451612903,0.25542100830974895,0.9997063857494228,0.02336647668596269,0.5562937062937063,0.5286157024793388,1
5850,0.18181818181818182,0.3870967741935484,0.2501647516322287,0.9766335233140374,0.0004744875241482323,0.5286157024793388,0.1421487603305785,1
5851,0.18181818181818182,0.4411764705882353,0.2500049146492115,0.9995255124758519,0.005567413480865157,0.1421487603305785,0.4662479338842975,1
5860,0.16666666666666666,0.18181818181818182,0.0,0.9944325865191349,0.009056907537494259,0.4662479338842975,0.43392779469334486,0
5949,0.3333333333333333,0.22727272727272727,0.0009775931198688235,0.9909430924625059,0.0026098495588018616,0.43392779469334486,0.24876033057851235,0
6006,0.2857142857142857,0.15384615384615385,0.05041947568318846,0.9973901504411983,0.10442398074368137,0.24876033057851235,0.568595041322314,0
6632,0.15384615384615385,0.3448275862068966,0.019108599668928625,0.8955760192563187,0.0006491382862156424,0.568595041322314,0.7222411278561011,0
6636,0.15384615384615385,0.2,0.0,0.9993508617137845,0.006402575430240948,0.7222411278561011,0.6719759579263711,0
6661,0.2222222222222222,0.2631578947368421,0.03567770995259817,0.9935974245697592,0.005214349019030522,0.6719759579263711,0.807663410969196,0
6690,0.3333333333333333,0.25,0.0,0.9947856509809696,8.480274123494612e-05,0.807663410969196,0.951303242212333,0
6691,0.2,0.20689655172413793,0.005473710232225259,0.9999151972587652,0.010708626967729994,0.951303242212333,0.49752066115702476,0
6741,0.18181818181818182,0.20689655172413793,0.004701402081459101,0.9892913730322701,0.0,0.49752066115702476,0.5508264462809916,0
6742,0.16666666666666666,0.2222222222222222,0.00470132338984145,1.0,0.0005246985671426965,0.5508264462809916,0.5446074380165289,0
6743,0.18181818181818182,0.3829787234042553,0.002026677574374095,0.9994753014328575,0.0002970198143055414,0.5446074380165289,0.70469491823457,0
6745,0.16666666666666666,0.20833333333333334,0.017099277173138413,0.9997029801856946,9.365300252892539e-06,0.70469491823457,0.6716528925619835,1
6746,0.15384615384615385,0.23809523809523808,0.0,0.9999906346997472,0.0004751707390937295,0.6716528925619835,0.6238751147842057,1
6747,0.16666666666666666,0.17857142857142858,0.0013487457114141448,0.9995248292609064,0.0022172006741250335,0.6238751147842057,0.6396694214876033,1
6753,0.15384615384615385,0.25925925925925924,3.5768917114348048e-09,0.9977827993258751,0.001422726802503392,0.6396694214876033,0.568595041322314,0
6757,0.16666666666666666,0.18518518518518517,0.0,0.9985772731974967,0.00014957151806808172,0.568595041322314,0.7285123966942149,1
6758,0.35714285714285715,0.2916666666666667,0.0,0.9998504284819321,0.0002240524581264392,0.7285123966942149,0.6788828726132801,1
6759,0.16666666666666666,0.19230769230769232,0.0,0.9997759475418737,0.00021812425459935572,0.6788828726132801,0.5562937062937063,1
6760,0.5454545454545454,0.19047619047619047,0.19823164268351234,0.9997818757454008,0.000743348371700127,0.5562937062937063,0.5906526075805072,0
6762,0.15384615384615385,0.19230769230769232,0.0,0.9992566516283,0.0003555240356384256,0.5906526075805072,0.6142857142857142,0
6763,0.15384615384615385,0.2,0.0,0.9996444759643617,0.0004224475672996678,0.6142857142857142,0.6142857142857142,1
6764,0.5,0.16,0.0,0.9995775524327004,0.00040538821566056055,0.6142857142857142,0.618569214876033,1
6765,0.16666666666666666,0.14705882352941177,0.06885270812051424,0.9995946117843395,0.00038831835302229176,0.618569214876033,0.6267468069120962,1
6766,0.2857142857142857,0.20689655172413793,0.05311660226306218,0.9996116816469778,0.0004930604596665949,0.6267468069120962,0.2921946740128558,0
6767,0.5,0.3333333333333333,0.02480551867462255,0.9995069395403335,0.0022457275258493323,0.2921946740128558,0.6511330311916822,0
6777,0.4166666666666667,0.2,0.0,0.9977542724741507,3.5106737199395147e-06,0.6511330311916822,0.6568253063550868,1
6778,0.15384615384615385,0.20833333333333334,0.0,0.9999964893262802,7.780241579339009e-05,0.6568253063550868,0.4619834710743801,1
6779,0.14285714285714285,0.2,0.0,0.9999221975842068,6.893113250108784e-05,0.4619834710743801,0.7130365235937083,1
6780,0.35714285714285715,0.2916666666666667,0.0,0.999931068867499,0.0005620021031668442,0.7130365235937083,0.32694214876033056,1
6781,0.35714285714285715,0.2608695652173913,0.0,0.9994379978968333,0.0007484987612892598,0.32694214876033056,0.5152892561983471,1
6782,0.16666666666666666,0.18181818181818182,0.0,0.9992515012387109,6.348643493543315e-06,0.5152892561983471,0.568595041322314,1
6783,0.18181818181818182,0.17857142857142858,0.0,0.9999936513565065,4.631146230554941e-05,0.568595041322314,0.5129716133668702,1
6784,0.2,0.3,0.0,0.9999536885376945,6.45165128532597e-05,0.5129716133668702,0.5315127560186849,1
6785,0.16666666666666666,0.25,0.0,0.9999354834871469,5.4552085648161925e-06,0.5315127560186849,0.7567331064657267,1
6786,0.35714285714285715,0.2916666666666667,0.0,0.9999945447914352,0.003989502286741445,0.7567331064657267,0.6965289256198347,1
6793,0.16666666666666666,0.24,0.0068434236828518345,0.9960104977132587,0.0006631494480979159,0.6965289256198347,0.519389701207883,0
6796,0.2222222222222222,0.23809523809523808,0.021910053449349768,0.9993368505519021,0.0038977097310641043,0.519389701207883,0.5906526075805072,0
6841,0.16666666666666666,0.2413793103448276,0.0,0.9999935357355157,2.3576171119234524e-05,0.5465374750641208,0.6988980716253443,0
6838,0.18181818181818182,0.19230769230769232,0.0,0.996102290268936,8.34573333422747e-06,0.5906526075805072,0.44807761408551927,0
6839,0.2857142857142857,0.23076923076923078,0.0,0.9999916542666659,6.4642644843197655e-06,0.44807761408551927,0.5465374750641208,0
6845,0.2,0.5,0.0,0.9999764238288809,7.483831402984834e-06,0.6988980716253443,0.52910927456382,0
6846,0.2,0.38095238095238093,0.0,0.9999925161685971,6.957230344993906e-05,0.52910927456382,0.45690672963400236,0
6853,0.2857142857142857,0.2222222222222222,0.0,0.9999304276965502,7.979950563407424e-05,0.45690672963400236,0.2569612205975842,0
6854,0.4,0.25,0.0,0.999920200494366,3.6368057098774612e-06,0.2569612205975842,0.1954545454545454,0
6855,0.4,0.24,3.5768917114348048e-09,0.9999963631942902,3.500162720778019e-06,0.1954545454545454,0.32170508916920393,0
6856,0.2857142857142857,0.29411764705882354,0.0,0.9999964998372793,3.197445944926948e-05,0.32170508916920393,0.3139118457300275,1
6857,0.2222222222222222,0.16,0.0,0.9999680255405509,4.1528957687068936e-05,0.3139118457300275,0.4002609830361027,1
6858,0.2,0.375,0.0,0.9999584710423131,0.0003083822043991181,0.4002609830361027,0.5407833273445921,1
6884,0.35714285714285715,0.2916666666666667,0.0,0.999691617795601,5.381631570685723e-06,0.5407833273445921,0.3020661157024793,1
6885,0.35714285714285715,0.2916666666666667,0.0,0.9999946183684294,1.9056441479791437e-05,0.3020661157024793,0.32694214876033056,1
6886,0.35714285714285715,0.2916666666666667,0.0,0.9999809435585203,0.0017355131155511769,0.32694214876033056,0.6814778804083617,1
7005,0.18181818181818182,0.18181818181818182,0.005902218282363437,0.9982644868844489,0.0006309332356679321,0.6814778804083617,0.8146217418944691,0
7077,0.13333333333333333,0.2,0.06484117398965614,0.9993690667643321,0.00017142388532483097,0.8146217418944691,0.6618801652892562,0
7093,0.15384615384615385,0.23809523809523808,0.0015630802165467412,0.9998285761146752,0.0014116797423846604,0.6618801652892562,0.6344433641225085,0
7208,0.2,0.18181818181818182,0.0,0.9985883202576155,0.0016683793639067047,0.6344433641225085,0.5811375789985415,0
7316,0.2,0.25,0.0012896375758826846,0.9983316206360934,0.007160292337794839,0.5811375789985415,0.6142857142857142,0
7650,0.14285714285714285,0.19047619047619047,0.0,0.9928397076622053,3.269971839141267e-05,0.6142857142857142,0.5508264462809916,0
7660,0.2222222222222222,0.17391304347826086,0.0,0.9999673002816087,7.252589421431932e-07,0.5508264462809916,0.2741440377804014,0
7661,0.25,0.2,0.0,0.999999274741058,2.417529807143977e-07,0.2741440377804014,0.4851598993891484,0
7662,0.18181818181818182,0.17391304347826086,0.0,0.9999997582470194,1.3023127961092992e-05,0.4851598993891484,0.4716754320060105,0
7663,0.2222222222222222,0.38095238095238093,3.5768917114348048e-09,0.999986976872039,4.935965206238312e-05,0.4716754320060105,0.39413974455296763,0
7689,0.2222222222222222,0.1724137931034483,0.0,0.9999506403479377,3.741915701492417e-06,0.39413974455296763,0.6788828726132801,0
7692,0.35714285714285715,0.2608695652173913,0.0,0.9999962580842986,7.263100420593427e-06,0.6788828726132801,0.6001836547291093,1
7697,0.25,0.23529411764705882,0.0,0.9999927368995795,6.874193451618092e-06,0.6001836547291093,0.6568253063550868,0
7699,0.35714285714285715,0.2916666666666667,0.0,0.9999931258065485,5.570829555592643e-07,0.6568253063550868,0.6788828726132801,1
7700,0.2857142857142857,0.6086956521739131,0.0,0.9999994429170446,2.585705793727906e-06,0.6788828726132801,0.34610132950053896,0
7701,0.4,0.25,0.0,0.9999974142942064,9.249679262116088e-06,0.34610132950053896,0.1954545454545454,0
7704,0.3333333333333333,0.25,3.5768917114348048e-09,0.999990750320738,9.228657263793096e-06,0.1954545454545454,0.47428480610298784,0
7710,0.2222222222222222,0.2,0.0,0.9999907713427363,1.1688231067583055e-05,0.47428480610298784,0.2954028925619835,0
7714,0.2857142857142857,0.2777777777777778,3.5768917114348048e-09,0.9999883117689325,3.225825642662986e-05,0.2954028925619835,0.284297520661157,0
7730,0.3333333333333333,0.4444444444444444,0.0,0.9999677417435735,9.922383208451803e-06,0.284297520661157,0.3428293631502187,0
7731,0.2222222222222222,0.3333333333333333,0.0,0.9999900776167917,2.2073098239140663e-07,0.3428293631502187,0.5407833273445921,0
7732,0.35714285714285715,0.2916666666666667,0.0,0.9999997792690177,3.461272023880486e-05,0.5407833273445921,0.32694214876033056,1
7744,0.35714285714285715,0.2916666666666667,0.0,0.9999653872797613,2.449062804628464e-06,0.32694214876033056,0.5407833273445921,1
7745,0.2857142857142857,0.21052631578947367,0.0,0.9999975509371954,4.341042653697664e-06,0.5407833273445921,0.5152892561983471,0
7746,0.35714285714285715,0.2916666666666667,0.0,0.9999956589573464,1.2613198993794663e-07,0.5152892561983471,0.6788828726132801,1
7747,0.2,0.16,3.5768917114348048e-09,0.9999998738680101,2.9956347610262327e-05,0.6788828726132801,0.39413974455296763,0
7755,0.2857142857142857,0.3181818181818182,0.0,0.9999700436523898,4.793015617641972e-06,0.39413974455296763,0.6409386068476978,0
7756,0.35714285714285715,0.2916666666666667,0.0,0.9999952069843825,2.0286228381686417e-06,0.6409386068476978,0.6599763872491144,1
7757,0.4,0.2727272727272727,0.0,0.999997971377162,0.020517123500266993,0.6599763872491144,0.2103801652892562,0
8857,0.4,0.2222222222222222,0.04366331027363708,0.9794828764997331,0.00021361503595907413,0.2103801652892562,0.6267468069120962,0
8865,0.16666666666666666,0.16129032258064516,0.01560669749222405,0.999786384964041,0.0003600437652778687,0.6267468069120962,0.6618801652892562,1
8872,0.16666666666666666,0.2727272727272727,0.0,0.9996399562347222,3.2899427375481085e-05,0.6618801652892562,0.6142857142857142,1
8873,0.15384615384615385,0.16129032258064516,0.0,0.9999671005726246,1.8373226534294228e-05,0.6142857142857142,0.568595041322314,1
8874,0.14285714285714285,0.2,0.0,0.9999816267734658,0.0017035596781002304,0.568595041322314,0.6568253063550868,1
8916,0.5,0.19047619047619047,4.566617647988815e-05,0.9982964403218999,0.0004650801798986938,0.6568253063550868,0.5856528925619834,1
8923,0.3076923076923077,0.2608695652173913,0.0,0.9995349198201015,6.443242485996774e-06,0.5856528925619834,0.2733630006357278,1
8924,0.3076923076923077,0.2916666666666667,0.0,0.9999935567575141,2.6435162891161317e-05,0.2733630006357278,0.6985278925619834,1
8925,0.14285714285714285,0.2222222222222222,0.0045359672629135305,0.999973564837109,3.889069689753355e-06,0.6985278925619834,0.7285123966942149,1
8926,0.35714285714285715,0.2916666666666667,0.0,0.9999961109303104,6.233022502766863e-06,0.7285123966942149,0.29445100354191256,1
8927,0.35714285714285715,0.2916666666666667,0.0,0.9999937669774973,5.560318556431148e-06,0.29445100354191256,0.29445100354191256,1
8928,0.3076923076923077,0.2916666666666667,0.0,0.9999944396814436,4.719438623511504e-06,0.29445100354191256,0.32694214876033056,1
8929,0.35714285714285715,0.2916666666666667,0.0,0.9999952805613765,2.41122320764708e-05,0.32694214876033056,0.3553719008264462,1
8930,0.35714285714285715,0.2916666666666667,0.0,0.9999758877679237,0.0015144562921857638,0.3553719008264462,0.4873671782762692,1
9036,0.5833333333333334,0.19047619047619047,0.002841582928531729,0.9984855437078144,5.4446975656546964e-06,0.4873671782762692,0.49590533433508643,1
9037,0.16666666666666666,0.18518518518518517,0.0027390620582985847,0.9999945553024344,0.00014617646533891866,0.49590533433508643,0.5010743801652892,1
9038,0.2222222222222222,0.21428571428571427,2.432286363775667e-07,0.9998538235346612,0.058418987640683685,0.5010743801652892,0.5381345926800472,1
9812,0.16666666666666666,0.20833333333333334,0.006652954199217931,0.9415810123593165,0.000445718919443219,0.5381345926800472,0.609864036256998,1
9813,0.2,0.25,0.0048934167823123445,0.9995542810805569,0.0005931041496857096,0.609864036256998,0.43775356874530424,0
9824,0.2222222222222222,0.24,0.005016175705848787,0.9994068958503144,4.356809152439907e-05,0.43775356874530424,0.4150743801652892,0
9827,0.2222222222222222,0.23529411764705882,0.004390595229977397,0.9999564319084757,0.0021235161385986237,0.4150743801652892,0.4772136953955136,0
9899,0.15384615384615385,0.2222222222222222,0.0,0.9978764838614015,0.03921291157682919,0.4772136953955136,0.5849968213604577,0
10664,0.25,0.21052631578947367,4.5519523919719324e-05,0.960787088423171,2.451165004460763e-05,0.5849968213604577,0.6142857142857142,1
10665,0.16666666666666666,0.21739130434782608,4.177809518955852e-06,0.9999754883499555,2.0622580354854275e-05,0.6142857142857142,0.6670057215511761,1
10666,0.4444444444444444,0.22857142857142856,3.5768917114348048e-09,0.9999793774196453,0.01622416866773317,0.6670057215511761,0.9702479338842974,1
11002,0.2777777777777778,0.3,0.0,0.983775831332267,3.7103827040079304e-06,0.9702479338842974,0.08884297520661155,1
11003,0.23529411764705882,0.3,0.0,0.9999962896172961,6.579885475096216e-06,0.08884297520661155,0.01421487603305785,1
11004,0.2777777777777778,0.27586206896551724,0.0,0.999993420114525,1.453671184034835e-05,0.01421487603305785,0.09476584022038567,1
11005,0.2777777777777778,0.38235294117647056,0.0,0.9999854632881597,2.3124198155290217e-06,0.09476584022038567,0.12882231404958677,1
11006,0.2777777777777778,0.27586206896551724,0.0,0.9999976875801846,1.5451168767398463e-06,0.12882231404958677,0.1421487603305785,1
11007,0.2777777777777778,0.36363636363636365,0.0,0.9999984548831233,8.209090345128028e-06,0.1421487603305785,0.08884297520661155,1
11008,0.2777777777777778,0.38235294117647056,0.0,0.999991790909655,1.6680955669293443e-05,0.08884297520661155,0.11168831168831167,1
11009,0.2777777777777778,0.3225806451612903,0.0,0.9999833190443308,1.8814688499077039e-06,0.11168831168831167,0.035537190082644624,1
11010,0.2777777777777778,0.3,0.0,0.9999981185311502,0.00039877679718797985,0.035537190082644624,0.11168831168831167,1
11062,0.2777777777777778,0.3225806451612903,0.0,0.9996012232028121,1.366429890994422e-06,0.11168831168831167,0.11168831168831167,1
11063,0.2777777777777778,0.34375,0.0,0.9999986335701091,5.749516541338067e-06,0.11168831168831167,0.76849173553719,1
11064,0.16666666666666666,0.16666666666666666,9.70053032141119e-06,0.9999942504834588,0.0003798885316947723,0.76849173553719,0.6005785123966941,1
11115,0.18181818181818182,0.21739130434782608,3.5768917114348048e-09,0.9996201114683053,0.00032450607711285225,0.6005785123966941,0.4522915101427498,0
11174,0.2,0.36363636363636365,1.3177269064925821e-05,0.9996754939228872,0.00041243058509876255,0.4522915101427498,0.5750563486100676,0
11214,0.18181818181818182,0.17391304347826086,8.97799819570136e-07,0.9995875694149013,0.001462689621315398,0.5750563486100676,0.6719759579263711,0
11434,0.16666666666666666,0.17857142857142858,0.1308705234449084,0.9985373103786847,0.001191253578968937,0.6719759579263711,0.6396694214876033,0
11569,0.4166666666666667,0.16666666666666666,0.05455688063337195,0.9988087464210311,0.00031921904453462,0.6396694214876033,0.6788828726132801,0
11573,0.14285714285714285,0.20833333333333334,0.007342045964317557,0.9996807809554655,4.2043996645982214e-08,0.6788828726132801,0.4772136953955136,0
11574,0.16666666666666666,0.22727272727272727,0.007339606524170359,0.9999999579560035,0.00027032187643534267,0.4772136953955136,0.568595041322314,0
11618,0.2,0.15384615384615385,3.5768917114348048e-09,0.9997296781235647,9.438877247023008e-06,0.568595041322314,0.44066115702479336,0
11619,0.2857142857142857,0.36363636363636365,0.0,0.9999905611227531,0.00010945103426865319,0.44066115702479336,0.31272727272727274,0
11640,0.2222222222222222,0.2,0.0,0.9998905489657315,7.157990428978471e-05,0.31272727272727274,0.4557122022362664,0
11649,0.3333333333333333,0.17647058823529413,0.0,0.9999284200957104,7.234720722857389e-05,0.4557122022362664,0.3812171299774605,0
11657,0.2857142857142857,0.21428571428571427,3.5768917114348048e-09,0.9999276527927715,9.270701260439079e-06,0.3812171299774605,0.5465374750641208,1
11658,0.16666666666666666,0.3448275862068966,0.0,0.9999907292987397,3.858587792185018e-05,0.5465374750641208,0.5381345926800472,0
11659,0.2,0.20689655172413793,0.0,0.9999614141220783,4.036223678014292e-06,0.5381345926800472,0.5010743801652892,1
11660,0.14285714285714285,0.25,0.0,0.999995963776322,1.06371311514335e-05,0.5010743801652892,0.5856528925619834,0
11661,0.2857142857142857,0.29411764705882354,0.0,0.9999893628688487,9.943405206774794e-06,0.5856528925619834,0.32871900826446276,0
11662,0.2857142857142857,0.18181818181818182,0.0,0.9999900565947933,0.0005605095412859119,0.32871900826446276,0.48863636363636365,1
11675,0.16666666666666666,0.23076923076923078,1.9851748998463165e-06,0.9994394904587142,0.00011857458154083134,0.48863636363636365,0.5543801652892562,1
11676,0.2,0.19047619047619047,0.0,0.9998814254184593,0.011599791520638232,0.5543801652892562,0.43775356874530424,1
11719,0.16666666666666666,0.2,0.0359611857745128,0.9884002084793618,0.005981515314830598,0.43775356874530424,0.4873671782762692,0
11720,0.5,0.22727272727272727,0.038897431142187654,0.9940184846851695,0.001743280743931522,0.4873671782762692,0.618569214876033,0
11721,0.3333333333333333,0.17857142857142858,0.05169837900704513,0.9982567192560686,0.001790391042173345,0.618569214876033,0.5811375789985415,0
11722,0.2222222222222222,0.3125,0.0,0.9982096089578267,0.002077320297283851,0.5811375789985415,0.5066915489202879,0
11723,0.18181818181818182,0.2,0.0006716436873312476,0.9979226797027162,0.0016466110846432474,0.5066915489202879,0.609864036256998,0
11724,0.13333333333333333,0.3333333333333333,0.0,0.9983533889153569,4.624839631058044e-07,0.609864036256998,0.23353010625737894,1
11725,0.14285714285714285,0.3333333333333333,0.0,0.999999537516037,0.0008100511723789777,0.23353010625737894,0.6344433641225085,1
11726,0.16666666666666666,0.17391304347826086,0.03869515791590602,0.9991899488276211,0.0007897229000006454,0.6344433641225085,0.5430082644628098,0
11727,0.14285714285714285,0.18518518518518517,0.000142152830395842,0.9992102770999994,0.0013644958671487066,0.5430082644628098,0.7107438016528924,1
11728,0.16666666666666666,0.17857142857142858,0.0357988378135142,0.9986355041328514,0.001699502432423893,0.7107438016528924,0.618569214876033,0
11729,0.3333333333333333,0.14285714285714285,3.5768917114348048e-09,0.9983004975675762,0.0016009302822873877,0.618569214876033,0.5906526075805072,0
11730,0.16666666666666666,0.20689655172413793,0.039245877625148785,0.9983990697177128,0.00014211921966258138,0.5906526075805072,0.580017709563164,0
11731,0.2,0.2,0.066450177918886,0.9998578807803375,0.00010908314929800085,0.580017709563164,0.609864036256998,0
11732,0.16666666666666666,0.18518518518518517,3.150526219431776e-05,0.9998909168507021,0.000984302516478251,0.609864036256998,0.6485537190082644,0
11733,0.18181818181818182,0.2857142857142857,3.5768917114348048e-09,0.9990156974835218,0.0034603050119576284,0.6485537190082644,0.45690672963400236,0
11734,0.18181818181818182,0.29411764705882354,0.0,0.9965396949880425,4.2043996645982214e-08,0.45690672963400236,0.1137190082644628,1
11735,0.2,0.3125,3.5768917114348048e-09,0.9999999579560035,0.000978847307913435,0.1137190082644628,0.5811375789985415,1
11736,0.16666666666666666,0.17391304347826086,0.07585179813064771,0.9990211526920867,0.0008214871394666849,0.5811375789985415,0.6396694214876033,0
11737,0.375,0.5,0.02874255330491488,0.9991785128605334,0.0001746717840657331,0.6396694214876033,0.7882794891059353,0
11738,0.11764705882352941,0.14814814814814814,0.0895885431357259,0.9998253282159344,0.00034624282337882505,0.7882794891059353,0.8000944510035418,0
11739,0.16666666666666666,0.15384615384615385,0.006164322176302245,0.9996537571766213,0.00035753163647827125,0.8000944510035418,0.6396694214876033,0
11740,0.18181818181818182,0.4117647058823529,0.045043117712673324,0.9996424683635219,0.0009704490195834,0.6396694214876033,0.5381345926800472,0
11741,0.2,0.16666666666666666,3.5768917114348048e-09,0.9990295509804167,0.0004910633698259107,0.5381345926800472,0.45754132231404954,0
11742,0.2222222222222222,0.2631578947368421,0.0502591128970897,0.9995089366301741,0.00328306854409649,0.45754132231404954,0.5465374750641208,0
11743,0.16666666666666666,0.17857142857142858,0.0,0.9967169314559036,3.307811436122651e-05,0.5465374750641208,0.5543801652892562,0
11744,0.2222222222222222,0.25,0.009762263895458844,0.9999669218856388,0.00031315419801843705,0.5543801652892562,0.49590533433508643,0
11745,0.16666666666666666,0.14285714285714285,0.0,0.9996868458019816,0.00026282753403319634,0.49590533433508643,0.6274152180108292,0
11746,0.16666666666666666,0.20833333333333334,0.011474017615991372,0.9997371724659669,5.922948027502745e-05,0.6274152180108292,0.5906526075805072,0
11747,0.16666666666666666,0.2,0.00436235924680733,0.9999407705197251,0.00036514159987119404,0.5906526075805072,0.6618801652892562,0
11748,0.16666666666666666,0.16666666666666666,0.0,0.9996348584001289,0.001653558855088996,0.6618801652892562,0.5641528925619834,0
11749,0.26666666666666666,0.34615384615384615,3.5768917114348048e-09,0.9983464411449111,0.0004394648749421291,0.5641528925619834,0.7130365235937083,1
11750,0.25,0.17391304347826086,0.0,0.9995605351250579,0.00046707726973937796,0.7130365235937083,0.7285123966942149,0
11751,0.26666666666666666,0.2857142857142857,0.0,0.9995329227302607,0.0003907253718302742,0.7285123966942149,0.7567331064657267,0
11752,0.11764705882352941,0.16129032258064516,0.00010574364966514714,0.9996092746281698,0.0012769392441334489,0.7567331064657267,0.8279204824659369,1
11753,0.5714285714285714,0.25,0.028350647587659813,0.9987230607558667,0.003006408535166766,0.8279204824659369,0.49752066115702476,0
11755,0.18181818181818182,0.25,0.023460961503402496,0.9969935914648334,0.0003683369436162887,0.49752066115702476,0.6409386068476978,0
11756,0.14285714285714285,0.14814814814814814,0.0003035135692820889,0.9996316630563838,0.0012955857566459418,0.6409386068476978,0.6568253063550868,0
11757,0.18181818181818182,0.21052631578947367,3.5768917114348048e-09,0.9987044142433542,0.007541337079397376,0.6568253063550868,0.4716754320060105,0
11758,0.25,0.25,0.06212175622063676,0.9924586629206027,0.0012324041406861922,0.4716754320060105,0.6985278925619834,0
11759,0.26666666666666666,0.32,3.5768917114348048e-09,0.998767595859314,0.00155153909722752,0.6985278925619834,0.43392779469334486,1
11760,0.18181818181818182,0.25,0.02085282798930927,0.9984484609027726,6.858426952875848e-05,0.43392779469334486,0.609864036256998,0
11761,0.5454545454545454,0.2,2.2151690368915747e-05,0.9999314157304714,0.00010909366029716235,0.609864036256998,0.5465374750641208,0
11762,0.18181818181818182,0.15384615384615385,4.463960855870636e-06,0.9998909063397029,0.002450807630489272,0.5465374750641208,0.617800381436745,0
11763,0.26666666666666666,0.37037037037037035,0.0,0.9975491923695108,9.531374039644168e-05,0.617800381436745,0.022210743801652888,1
11764,0.26666666666666666,0.39285714285714285,3.5768917114348048e-09,0.9999046862596037,7.769730580177512e-05,0.022210743801652888,0.7330814639905548,1
11765,0.2222222222222222,0.23529411764705882,0.05429817836345071,0.9999223026941984,7.541641898373059e-05,0.7330814639905548,0.7222411278561011,0
11766,0.26666666666666666,0.37037037037037035,0.0,0.9999245835810163,0.00010205129085896032,0.7222411278561011,0.09476584022038567,1
11767,0.26666666666666666,0.41379310344827586,0.0,0.9998979487091412,0.0006406559098923154,0.09476584022038567,0.2003005259203606,1
11768,0.26666666666666666,0.32,0.0,0.9993593440901077,9.257036961529134e-05,0.2003005259203606,0.02369146005509641,1
11769,0.26666666666666666,0.34615384615384615,0.0,0.9999074296303848,0.0007461758304745693,0.02369146005509641,0.5407833273445921,1
11770,0.2,0.19230769230769232,0.07687745394444309,0.9992538241695256,3.910091688076346e-06,0.5407833273445921,0.42644628099173554,0
11771,0.2222222222222222,0.35,0.019969761386698533,0.999996089908312,0.00012130744132282018,0.42644628099173554,0.4772136953955136,0
11772,0.16666666666666666,0.2857142857142857,0.07219910850695589,0.9998786925586772,0.0002113446601401911,0.4772136953955136,0.4566528925619835,0
11773,0.25,0.25,0.002613538197469203,0.9997886553398599,0.0007596824643970911,0.4566528925619835,0.43775356874530424,0
11774,0.2222222222222222,0.21052631578947367,0.0,0.999240317535603,5.6044647529094296e-05,0.43775356874530424,0.49752066115702476,0
11775,0.16666666666666666,0.13333333333333333,0.0105565305844415,0.999943955352471,0.00013722109405332443,0.49752066115702476,0.7433195592286501,0
11776,0.21428571428571427,0.1724137931034483,0.053898768327385056,0.9998627789059468,0.00183779564839169,0.7433195592286501,0.6719759579263711,0
11777,0.15384615384615385,0.17391304347826086,0.0012966661680956539,0.9981622043516084,1.2812907977863081e-05,0.6719759579263711,0.37669421487603305,0
11778,0.15384615384615385,0.21739130434782608,0.11195556953945345,0.9999871870920223,1.3454078926714308e-06,0.37669421487603305,0.45754132231404954,0
11779,0.16666666666666666,0.3333333333333333,0.007233501608442357,0.9999986545921075,0.0033112485328484595,0.45754132231404954,0.4086776859504132,0
11780,0.16666666666666666,0.17391304347826086,5.609996960214348e-05,0.9966887514671516,0.005173440210293981,0.4086776859504132,0.6142857142857142,0
11781,0.3333333333333333,0.21739130434782608,0.011520570861615696,0.9948265597897061,0.0017938806938949615,0.6142857142857142,0.32871900826446276,0
11782,0.25,0.2,0.011989669478895237,0.9982061193061051,0.005351895954057852,0.32871900826446276,0.37669421487603305,0
11783,0.2222222222222222,0.17391304347826086,0.004394311620465578,0.9946481040459423,0.0025152715883467246,0.37669421487603305,0.6267468069120962,0
11784,0.16666666666666666,0.21212121212121213,0.00022188174664372382,0.9974847284116534,0.0006562437216488133,0.6267468069120962,0.19826011309264893,1
11785,0.16666666666666666,0.21212121212121213,3.5768917114348048e-09,0.9993437562783513,0.0007553414217433934,0.19826011309264893,0.5088925619834711,1
11786,0.14285714285714285,0.21212121212121213,0.0,0.9992446585782567,0.0009185982607197424,0.5088925619834711,0.4150743801652892,1
11787,0.15384615384615385,0.20588235294117646,0.0,0.9990814017392804,0.0008092313144443811,0.4150743801652892,0.4662479338842975,1
11788,0.16666666666666666,0.23529411764705882,0.0003608225282826974,0.9991907686855557,1.1667209069260063e-06,0.4662479338842975,0.12082644628099173,1
11789,0.18181818181818182,0.23333333333333334,0.0003604147626275938,0.9999988332790932,0.0005912962578299324,0.12082644628099173,0.4817263544536271,1
11790,0.2,0.19047619047619047,0.0018603413791172419,0.9994087037421702,0.0002952119224497641,0.4817263544536271,0.8970739334375697,0
11791,0.2222222222222222,0.16666666666666666,0.0,0.9997047880775504,0.007213120619580516,0.8970739334375697,0.8617768595041322,0
11792,0.18181818181818182,0.27586206896551724,0.0,0.9927868793804195,0.0029094130349044847,0.8617768595041322,0.618569214876033,0
11793,0.18181818181818182,0.2,1.538063435916966e-07,0.9970905869650957,0.0026126875285754653,0.618569214876033,0.5381345926800472,0
11794,0.16666666666666666,0.2,1.273731138441934e-05,0.9973873124714246,0.00019885759313633438,0.5381345926800472,0.6396694214876033,0
11795,0.46153846153846156,0.2,0.015737676112913372,0.9998011424068638,0.0012155550090303148,0.6396694214876033,0.7107438016528924,0
11796,0.2,0.2857142857142857,0.0,0.9987844449909697,0.004544472531469249,0.7107438016528924,0.5407833273445921,1
11797,0.13333333333333333,0.24242424242424243,0.00019946894317987332,0.9954555274685308,0.0007026708049451393,0.5407833273445921,0.8146217418944691,0
11798,0.45454545454545453,0.27586206896551724,0.0,0.999297329195055,0.0016800675949742877,0.8146217418944691,0.5811375789985415,0
11799,0.18181818181818182,0.27586206896551724,0.0,0.9983199324050258,0.002126501262360488,0.5811375789985415,0.6267468069120962,0
11800,0.4,0.23809523809523808,0.0,0.9978734987376396,0.0015469878345905925,0.6267468069120962,0.6904368358913813,0
11801,0.16666666666666666,0.25,0.0,0.9984530121654095,0.00012553286298574138,0.6904368358913813,0.0284297520661157,1
11802,0.15384615384615385,0.26666666666666666,0.0,0.9998744671370143,0.00033488043328524836,0.0284297520661157,0.7107438016528924,1
11803,0.15384615384615385,0.16666666666666666,0.001248106286221215,0.9996651195667149,0.0022079404838637557,0.7107438016528924,0.5750563486100676,0
11804,0.18181818181818182,0.22857142857142856,0.00018946080017127873,0.9977920595161364,0.003099924894706592,0.5750563486100676,0.5010743801652892,1
11805,0.2,0.2,0.006368795190986416,0.9969000751052935,0.00039650642136909676,0.5010743801652892,0.568595041322314,0
11806,0.14285714285714285,0.2857142857142857,0.0,0.999603493578631,5.360609572362733e-07,0.568595041322314,0.11549586776859502,1
11807,0.13333333333333333,0.26666666666666666,3.5768917114348048e-09,0.9999994639390428,9.88033921180582e-07,0.11549586776859502,0.18879132231404958,1
11808,0.13333333333333333,0.26666666666666666,0.0,0.9999990119660789,0.0010735303883601867,0.18879132231404958,0.7285123966942149,1
11809,0.2222222222222222,0.3333333333333333,0.0008256861057758988,0.9989264696116399,0.003711675556904794,0.7285123966942149,0.6618801652892562,0
11810,0.14285714285714285,0.26666666666666666,0.0,0.9962883244430953,0.0007936119696903988,0.6618801652892562,0.5906526075805072,1
11811,0.18181818181818182,0.18181818181818182,0.002096040658442238,0.9992063880303097,0.00011523208380747575,0.5906526075805072,0.6716528925619835,0
11812,0.15384615384615385,0.26666666666666666,0.0,0.9998847679161926,0.0022920705211523663,0.6716528925619835,0.6719759579263711,1
11813,0.18181818181818182,0.19047619047619047,0.0,0.9977079294788478,0.00035563965662920206,0.6719759579263711,0.609864036256998,0
11814,0.15384615384615385,0.27586206896551724,0.0004417461263621984,0.9996443603433709,1.576649874224333e-07,0.609864036256998,0.0284297520661157,1
11815,0.14285714285714285,0.26666666666666666,0.00044483298390916664,0.9999998423350127,0.0019009141983564709,0.0284297520661157,0.7708836617927527,1
11816,0.16666666666666666,0.12121212121212122,2.8150137768991913e-06,0.9980990858016436,0.0008707837255340991,0.7708836617927527,0.7791528925619834,0
11817,0.13333333333333333,0.24242424242424243,0.00032843735072736664,0.999129216274466,0.0009664338179037087,0.7791528925619834,0.1137190082644628,1
11818,0.14285714285714285,0.26666666666666666,0.0,0.9990335661820964,0.00028153711254065843,0.1137190082644628,0.8407351022183557,1
11819,0.16666666666666666,0.17647058823529413,0.0,0.9997184628874595,0.0012805024728491958,0.8407351022183557,0.7933437569801206,0
11820,0.16666666666666666,0.2962962962962963,0.00028119734189444717,0.998719497527151,7.462809404661843e-07,0.7933437569801206,0.18479338842975204,1
11821,0.16666666666666666,0.25806451612903225,0.00028443085200158426,0.9999992537190596,0.0008268792820365321,0.18479338842975204,0.0284297520661157,1
11822,0.18181818181818182,0.25806451612903225,0.0,0.9991731207179636,0.001842840927989208,0.0284297520661157,0.4716754320060105,1
11823,0.15384615384615385,0.27586206896551724,0.00044753711404301133,0.9981571590720109,9.459899245345997e-08,0.4716754320060105,0.029614325068870517,1
11824,0.16666666666666666,0.22857142857142856,0.00044707211812052483,0.9999999054010077,0.000587407188140179,0.029614325068870517,0.80426272292301,1
11825,0.4,0.32,0.0,0.9994125928118599,7.250487221599632e-05,0.80426272292301,0.6855238603039189,0
11826,0.45454545454545453,0.25,0.0,0.9999274951277841,6.162598808384843e-05,0.6855238603039189,0.6001836547291093,0
11827,0.16666666666666666,0.18181818181818182,0.014794249462672172,0.9999383740119162,0.0005924104237410508,0.6001836547291093,0.80426272292301,0
11828,0.14285714285714285,0.24242424242424243,0.0,0.9994075895762591,0.0004815193825872728,0.80426272292301,0.9999999999999999,1
11829,0.15,0.34375,3.5768917114348048e-09,0.9995184806174129,0.0011823717846774734,0.9999999999999999,0.9284090909090909,0
11830,0.16666666666666666,0.27586206896551724,0.0003400515181143955,0.9988176282153226,0.00042234245730805284,0.9284090909090909,0.6274152180108292,1
11831,0.5,0.19047619047619047,0.0,0.999577657542692,0.0005757925340667264,0.6274152180108292,0.8338238258415641,0
11832,0.14285714285714285,0.2222222222222222,0.0,0.9994242074659334,0.0005075761495086203,0.8338238258415641,0.7791528925619834,1
11833,0.16666666666666666,0.12903225806451613,0.0,0.9994924238504915,0.002546531299853012,0.7791528925619834,0.49752066115702476,0
11836,0.2222222222222222,0.2,0.0030125046989626413,0.9974534687001471,0.00041977777351264795,0.49752066115702476,0.568595041322314,0
11838,0.18181818181818182,0.2692307692307692,0.0,0.9995802222264875,0.003188448529644707,0.568595041322314,0.6396694214876033,1
11839,0.14285714285714285,0.35294117647058826,0.03307515281268307,0.9968115514703554,0.006289214304284218,0.6396694214876033,0.6719759579263711,0
11840,0.16666666666666666,0.1724137931034483,3.444546718111717e-06,0.9937107856957159,0.006800206528520324,0.6719759579263711,0.8715963462374946,0
11841,0.1,0.16129032258064516,0.0022096498929808305,0.9931997934714798,2.0738201345630727e-05,0.8715963462374946,0.9523966942148759,0
11842,0.2222222222222222,0.2916666666666667,0.0,0.9999792617986545,0.002923287553797659,0.9523966942148759,0.7688955672426746,0
11843,0.11764705882352941,0.4117647058823529,0.0,0.9970767124462024,0.003983447951224423,0.7688955672426746,0.7474273527059451,1
11844,0.25,0.36363636363636365,0.0,0.9960165520487757,0.0006887542420553191,0.7474273527059451,0.5543801652892562,0
11845,0.2,0.14814814814814814,0.0007525529778439028,0.9993112457579448,0.006221859821657355,0.5543801652892562,0.568595041322314,0
11846,0.18181818181818182,0.23809523809523808,0.0002971180869020435,0.9937781401783428,0.005291478730877576,0.568595041322314,0.6005785123966941,1
11847,0.5,0.18518518518518517,2.3249796124326232e-07,0.9947085212691226,0.0025492956926324857,0.6005785123966941,0.568595041322314,0
11848,0.3,0.28,0.0,0.9974507043073676,0.006404509454086663,0.568595041322314,0.45690672963400236,0
11849,0.2,0.2962962962962963,0.003658967068645388,0.9935954905459135,0.004045778176252092,0.45690672963400236,0.580017709563164,0
11850,0.16666666666666666,0.34782608695652173,0.0,0.995954221823748,0.0010341141415045785,0.580017709563164,0.580017709563164,1
11851,0.2,0.5,0.015463600362416391,0.9989658858584956,0.0028515289625221287,0.580017709563164,0.5430082644628098,0
11852,0.16666666666666666,0.25,0.0,0.997148471037478,0.001484657609562924,0.5430082644628098,0.0,1
11853,0.18181818181818182,0.25,0.0004755262916849887,0.9985153423904372,0.005523477504370106,0.0,0.6001836547291093,1
11854,0.15384615384615385,0.15384615384615385,0.0,0.99447652249563,0.0037729336600179904,0.6001836547291093,0.8012021036814424,0
11855,0.15789473684210525,0.21739130434782608,0.05508963003865647,0.9962270663399821,0.0013388174961971732,0.8012021036814424,0.7009404388714733,0
11856,0.16666666666666666,0.23809523809523808,0.0,0.998661182503803,0.0004837056704128639,0.7009404388714733,0.49752066115702476,0
11857,0.25,0.18181818181818182,1.3341806083651822e-06,0.9995162943295872,0.0033369584367974776,0.49752066115702476,0.3804569761789013,0
11858,0.4166666666666667,0.16666666666666666,0.00519131105471577,0.9966630415632026,0.0001581590043830236,0.3804569761789013,0.49752066115702476,0
11859,0.16666666666666666,0.16666666666666666,0.0,0.9998418409956171,0.0010431325787851418,0.49752066115702476,0.5562937062937063,0
11860,0.16666666666666666,0.18181818181818182,0.05208418254704049,0.9989568674212149,0.000803544863898012,0.5562937062937063,0.5849968213604577,0
11861,0.16666666666666666,0.17391304347826086,9.471609251879362e-06,0.9991964551361021,0.0005184970776374141,0.5849968213604577,0.580017709563164,0
11862,0.16666666666666666,0.20833333333333334,4.526556460820745e-05,0.9994815029223627,0.0003849338112922902,0.580017709563164,0.38583234946871303,0
11863,0.16666666666666666,0.16666666666666666,6.311783113997856e-05,0.9996150661887078,0.0004646807619305569,0.38583234946871303,0.580017709563164,0
11864,0.2727272727272727,0.23809523809523808,0.008788587472014041,0.9995353192380696,0.0015862884604554244,0.580017709563164,0.5508264462809916,0
11865,0.16666666666666666,0.22727272727272727,0.0,0.9984137115395447,0.0014852041815193217,0.5508264462809916,0.5129716133668702,0
11866,0.16666666666666666,0.18181818181818182,3.004589037605236e-06,0.9985147958184808,0.001695876137713177,0.5129716133668702,0.6511330311916822,0
11867,0.16666666666666666,0.19230769230769232,1.7347924800458803e-06,0.998304123862287,0.0008001393001696875,0.6511330311916822,0.5906526075805072,0
11868,0.18181818181818182,0.19047619047619047,0.0003348471406742578,0.9991998606998305,0.00024359240556765945,0.5906526075805072,0.6396694214876033,1
11869,0.16666666666666666,0.13793103448275862,1.098105755410485e-06,0.9997564075944324,0.0006200543515357842,0.6396694214876033,0.6618801652892562,0
11870,0.13333333333333333,0.23809523809523808,0.0,0.9993799456484643,0.0019838459817406707,0.6618801652892562,0.5849968213604577,0
11871,0.18181818181818182,0.23529411764705882,0.0003279866623717259,0.9980161540182594,0.00013775715501056072,0.5849968213604577,0.6267468069120962,1
11872,0.16666666666666666,0.1935483870967742,0.0,0.9998622428449896,0.0002848480772765295,0.6267468069120962,0.6904368358913813,0
11873,0.4166666666666667,0.2,3.991811149961242e-06,0.9997151519227235,5.0452795975178657e-05,0.6904368358913813,0.5430082644628098,0
11874,0.16666666666666666,0.15384615384615385,3.7986589975437625e-06,0.999949547204025,0.00048662772817975966,0.5430082644628098,0.6142857142857142,0
11875,0.16666666666666666,0.15384615384615385,0.0,0.9995133722718204,0.0012392888451369718,0.6142857142857142,0.5430082644628098,0
11876,0.5384615384615384,0.5714285714285714,0.006179606234585206,0.9987607111548631,0.0007641181060432423,0.5430082644628098,0.6409386068476978,0
11877,0.3333333333333333,0.2692307692307692,0.0,0.9992358818939568,0.0006433992806734658,0.6409386068476978,0.568595041322314,1
11878,0.4166666666666667,0.14285714285714285,0.0,0.9993566007193266,0.00031837816460170035,0.568595041322314,0.568595041322314,0
11879,0.16666666666666666,0.16,0.011459316591057376,0.9996816218353984,0.000952443678019758,0.568595041322314,0.580017709563164,0
11880,0.25,0.24,0.0,0.9990475563219804,0.004250627038910479,0.580017709563164,0.580017709563164,0
11881,0.16666666666666666,0.17391304347826086,2.541381560974429e-05,0.9957493729610897,0.0008163367498775522,0.580017709563164,0.5849968213604577,0
11882,0.16666666666666666,0.22580645161290322,0.0,0.9991836632501225,0.0019098380366445805,0.5849968213604577,0.5430082644628098,0
11883,0.16666666666666666,0.15384615384615385,8.79915361012962e-06,0.9980901619633555,0.0003496483871071496,0.5430082644628098,0.49590533433508643,0
11884,0.16666666666666666,0.14814814814814814,0.007831375481116972,0.999650351612893,0.00017448258608082618,0.49590533433508643,0.52910927456382,0
11885,0.16666666666666666,0.22727272727272727,4.58664824157285e-05,0.9998255174139192,0.0012838029265859053,0.52910927456382,0.568595041322314,0
11886,0.25,0.28,0.0,0.9987161970734142,0.0023056612430681802,0.568595041322314,0.5381345926800472,0
11887,0.16666666666666666,0.24,0.0,0.9976943387569319,0.001580234124938403,0.5381345926800472,0.6267468069120962,0
11888,0.16666666666666666,0.12121212121212122,0.0,0.9984197658750616,0.0003284056578017671,0.6267468069120962,0.6988980716253443,0
11889,0.16666666666666666,0.14285714285714285,2.531723953353555e-05,0.9996715943421983,0.0005954796354962075,0.6988980716253443,0.6618801652892562,0
11890,0.16666666666666666,0.17391304347826086,0.0002144596963424966,0.9994045203645039,0.0010188837037195715,0.6618801652892562,0.580017709563164,0
11891,0.25,0.3,0.0,0.9989811162962805,0.0008692911636531668,0.580017709563164,0.7336710210610503,0
11892,0.47058823529411764,0.52,0.007725098874586822,0.9991307088363469,0.0017524148022028615,0.7336710210610503,0.8410468319559228,0
11893,0.16666666666666666,0.1724137931034483,0.007304935712811421,0.9982475851977972,0.0025060954860787387,0.8410468319559228,0.6719759579263711,0
11894,0.14285714285714285,0.29411764705882354,4.435345722179158e-07,0.9974939045139214,0.00045997183430620696,0.6719759579263711,0.5641528925619834,0
11895,0.5714285714285714,0.625,0.04849235015892702,0.9995400281656939,0.0008692701416548438,0.5641528925619834,0.5088925619834711,0
11896,0.16666666666666666,0.2,0.028759497040951945,0.9991307298583453,0.004004890389513874,0.5088925619834711,0.5088925619834711,0
11897,0.2727272727272727,0.22727272727272727,0.000695537323963632,0.9959951096104862,0.0012370394913164117,0.5088925619834711,0.568595041322314,0
11898,0.2,0.25,0.04303239665222394,0.9987629605086837,0.00043063563564647286,0.568595041322314,0.33506493506493495,0
11899,0.2857142857142857,0.2,0.03450249356567257,0.9995693643643536,0.0002851108522555669,0.33506493506493495,0.6001836547291093,0
11900,0.15384615384615385,0.2857142857142857,0.04836566023139971,0.9997148891477445,0.0001363486811229203,0.6001836547291093,0.6396694214876033,0
11901,0.14285714285714285,0.4166666666666667,0.03455116790808178,0.9998636513188772,0.0004723958353150947,0.6396694214876033,0.580017709563164,0
11902,0.13333333333333333,0.1724137931034483,0.0474789094303262,0.999527604164685,0.00026167132412543184,0.580017709563164,0.7696340023612751,0
11903,0.4,0.25,0.03461684321679544,0.9997383286758746,0.0006706017465034163,0.7696340023612751,0.5562937062937063,0
11904,0.36363636363636365,0.2857142857142857,0.04714150123518655,0.9993293982534966,0.0006914555688398234,0.5562937062937063,0.4851598993891484,0
11905,0.2222222222222222,0.35294117647058826,0.005350804656128648,0.9993085444311602,0.004507557902414076,0.4851598993891484,0.42097902097902085,0
11906,0.2,0.18518518518518517,0.037034374902261434,0.995492442097586,0.001049460200280362,0.42097902097902085,0.3487086776859504,0
11907,0.25,0.22580645161290322,0.03179250448320453,0.9989505397997197,0.0033743881048115634,0.3487086776859504,0.6344433641225085,0
11908,0.2222222222222222,0.21052631578947367,0.03343833251260361,0.9966256118951885,0.004552975929790899,0.6344433641225085,0.49752066115702476,0
11909,0.18181818181818182,0.2,0.0,0.9954470240702092,0.0020516944813281247,0.49752066115702476,0.42644628099173554,0
11910,0.2857142857142857,0.24,8.584540107443531e-08,0.997948305518672,0.01702051349720556,0.42644628099173554,0.4150743801652892,0
11911,0.2222222222222222,0.25,0.0008537790132775078,0.9829794865027945,0.004053209452659269,0.4150743801652892,0.45754132231404954,0
11912,0.18181818181818182,0.18181818181818182,0.00032731778362168754,0.9959467905473408,0.0017201775677745548,0.45754132231404954,0.6267468069120962,1
11913,0.2222222222222222,0.20689655172413793,0.0,0.9982798224322256,0.003156778889171121,0.6267468069120962,0.48863636363636365,0
11914,0.18181818181818182,0.17391304347826086,0.0006849175324723821,0.996843221110829,0.003736061074959464,0.48863636363636365,0.6988980716253443,1
11915,0.14285714285714285,0.17647058823529413,0.0004256322292021846,0.9962639389250406,0.006286334290513969,0.6988980716253443,0.7708836617927527,0
11916,0.18181818181818182,0.2777777777777778,0.00035142961064846956,0.9937136657094862,0.01124646428382456,0.7708836617927527,0.5562937062937063,1
11917,0.18181818181818182,0.21739130434782608,1.7061773463544018e-06,0.9887535357161755,0.0013429167858701563,0.5562937062937063,0.49506982046167003,0
11918,0.16666666666666666,0.12903225806451613,6.581480749040041e-07,0.9986570832141299,0.007898069879939375,0.49506982046167003,0.4150743801652892,0
11919,0.25,0.21739130434782608,1.7240618049115759e-06,0.9921019301200608,0.011181727039988909,0.4150743801652892,0.6274152180108292,0
11920,0.5,0.18181818181818182,8.169620668917094e-06,0.9888182729600112,0.004905304621684229,0.6274152180108292,0.5286157024793388,0
11921,0.19047619047619047,0.18181818181818182,0.018629274718246092,0.9950946953783159,0.007852504698574292,0.5286157024793388,0.7336710210610503,0
11922,0.2,0.17391304347826086,0.0,0.9921474953014258,0.0003319058205225451,0.7336710210610503,0.4150743801652892,0
11923,0.16666666666666666,0.19230769230769232,0.00864453888901114,0.9996680941794776,0.0012247521332966233,0.4150743801652892,0.6618801652892562,0
11924,0.16666666666666666,0.4,3.5768917114348048e-09,0.9987752478667035,0.002961516057748018,0.6618801652892562,0.47428480610298784,1
11925,0.25,0.25,0.015142967789403374,0.9970384839422521,0.005568107206809816,0.47428480610298784,0.32170508916920393,0
11926,0.3333333333333333,0.23809523809523808,0.0,0.9944318927931903,0.00485428423175433,0.32170508916920393,0.519389701207883,0
11927,0.2,0.23809523809523808,0.011709452205329722,0.9951457157682457,3.891171889585654e-05,0.519389701207883,0.45754132231404954,0
11928,0.2,0.2,0.011109425043844823,0.9999610882811042,0.006486737000527043,0.45754132231404954,0.44066115702479336,0
11929,0.2222222222222222,0.23529411764705882,0.008561243811726956,0.9935132629994731,0.00045425385076235336,0.44066115702479336,0.31272727272727274,0
11930,0.4,0.3076923076923077,0.009078780696562747,0.9995457461492377,0.0003281744158202142,0.31272727272727274,0.42270552414093077,0
11931,0.36363636363636365,0.35294117647058826,0.007961452725095011,0.9996718255841799,0.0002893783179151341,0.42270552414093077,0.6005785123966941,0
11932,0.16666666666666666,0.19230769230769232,1.0823674318801719e-05,0.999710621682085,3.418176927318354e-05,0.6005785123966941,0.568595041322314,0
11933,0.16666666666666666,0.14285714285714285,8.180351344051398e-05,0.9999658182307269,0.0005927362647150572,0.568595041322314,0.6752066115702479,0
11934,0.16666666666666666,0.25,0.008872758887767526,0.9994072637352851,0.0008502557441716983,0.6752066115702479,0.7285123966942149,0
11935,0.5,0.16666666666666666,0.008006500099308821,0.9991497442558284,0.0006857480962951314,0.7285123966942149,0.34610132950053896,0
11936,0.25,0.21739130434782608,0.008011350364469526,0.9993142519037049,0.0019071472208592377,0.34610132950053896,0.6396694214876033,0
11937,0.15,0.2777777777777778,0.003196521469949116,0.9980928527791408,0.00031881962656648313,0.6396694214876033,0.8319883325230918,0
11938,0.13333333333333333,0.25925925925925924,0.0,0.9996811803734337,0.00042026127947407675,0.8319883325230918,0.5856528925619834,0
11939,0.18181818181818182,0.18518518518518517,0.0003619242109298193,0.9995797387205261,0.00036364903799026167,0.5856528925619834,0.6274152180108292,0
11940,0.4166666666666667,0.16666666666666666,0.0017298098698918516,0.9996363509620099,0.000499955675116536,0.6274152180108292,0.618569214876033,0
11941,0.18181818181818182,0.19047619047619047,0.006570617728912413,0.9995000443248836,0.00014859399514606265,0.618569214876033,0.6054990464081372,0
11942,0.13333333333333333,0.21428571428571427,0.004138753438358695,0.999851406004854,5.4457486655708465e-05,0.6054990464081372,0.7430503380916603,0
11943,0.3,0.47058823529411764,8.834922527243968e-06,0.9999455425133444,0.00025334661278952734,0.7430503380916603,0.5286157024793388,0
11944,0.23076923076923078,0.21739130434782608,0.005915924931401655,0.9997466533872106,0.00010741190043132306,0.5286157024793388,0.568595041322314,0
11945,0.5,0.4,0.006994608164819049,0.9998925880995688,0.0013021866641193612,0.568595041322314,0.5508264462809916,0
11946,0.15384615384615385,0.17391304347826086,0.005516196551973681,0.9986978133358807,0.00019223566366459219,0.5508264462809916,0.3020661157024793,0
11947,0.21428571428571427,0.20833333333333334,0.005891827411941719,0.9998077643363356,0.00023979793487035955,0.3020661157024793,0.6396694214876033,0
11948,0.5,0.2,0.006379196792083268,0.9997602020651297,0.0006443873145946464,0.6396694214876033,0.4772136953955136,0
11949,0.18181818181818182,0.18181818181818182,0.0034413990534056544,0.9993556126854054,3.794470697299895e-06,0.4772136953955136,0.5129716133668702,0
11950,0.18181818181818182,0.2222222222222222,0.0018055004753975235,0.9999962055293028,7.106486533087143e-05,0.5129716133668702,0.4851598993891484,0
11951,0.25,0.20833333333333334,0.005869114149574108,0.9999289351346692,0.0002683247865946585,0.4851598993891484,0.568595041322314,0
11952,0.2,0.375,0.001764430604766829,0.9997316752134054,0.0016232766665047272,0.568595041322314,0.5543801652892562,0
11953,0.2727272727272727,0.3225806451612903,0.0,0.9983767233334954,0.0026132235895327013,0.5543801652892562,0.568595041322314,1
11954,0.18181818181818182,0.23809523809523808,0.004723178198198317,0.9973867764104674,3.152248648532517e-05,0.568595041322314,0.5088925619834711,0
11955,0.18181818181818182,0.2,0.0033463360023908515,0.9999684775135148,0.00047675789996711533,0.5088925619834711,0.7285123966942149,0
11956,0.125,0.4117647058823529,3.5768917114348048e-09,0.999523242100033,0.0016258308393009707,0.7285123966942149,0.7336710210610503,0
11957,0.2,0.19230769230769232,0.0038922555229568773,0.9983741691606991,0.000853451087916793,0.7336710210610503,0.42270552414093077,0
11958,0.18181818181818182,0.2,0.0017548481118718953,0.9991465489120833,3.1427887492871704e-06,0.42270552414093077,0.52910927456382,0
11959,0.18181818181818182,0.19230769230769232,0.0,0.9999968572112509,0.0005069244675606075,0.52910927456382,0.03046044864226681,0
11960,0.25,0.3333333333333333,0.0022578556625758375,0.9994930755324395,0.0013408145860378572,0.03046044864226681,0.618569214876033,0
11961,0.18181818181818182,0.2222222222222222,0.0022835127068219596,0.9986591854139623,0.006846581056820843,0.618569214876033,0.49752066115702476,0
11962,0.16666666666666666,0.16129032258064516,2.503824198004363e-07,0.9931534189431792,0.0,0.49752066115702476,0.0,0
